Middle Rear End;2010405;LT800;8.8
Middle Rear End;2010405;LT800;10.8
Middle Rear End;2010405;LT800;8.7
Middle Rear End;2010405;LT800;10.7
Front Bottom;2010404;LT800;10.2
Front Bottom;2010404;LT800;10.7
Front Bottom;2010404;LT800;10.13
Front Bottom;2010404;LT800;10.8
Front Bottom;2010404;LT800;8.16
Front Bottom;2010404;LT800;10.3
Front Bottom;2010404;LT800;8.5
Middle Rear End;2010405;LT800;10.2
Middle Rear End;2010405;LT800;8.2
Middle Rear End;2010405;LT800;8.6
Middle Rear End;2010405;LT800;8.4
Middle Rear End;2010405;LT800;10.3
Front Bottom;2010404;LT800;8.3
Front Bottom;2010404;LT800;10.4
Middle Rear End;2010405;LT800;8.3
Middle Rear End;2010405;LT800;10.4
Middle Rear End;2010405;LT800;10.11
Middle Rear End;2010405;LT800;10.5
Middle Rear End;2010405;LT800;8.1
Front Bottom;2010404;LT800;8.4
Front Bottom;2010404;LT800;8.8
Front Bottom;2010404;LT800;10.11
Front Bottom;2010404;LT800;10.1
Middle Rear End;2010405;LT800;10.6
Front Bottom;2010404;LT800;8.10
Front Bottom;2010404;LT800;8.2
Front Bottom;2010404;LT800;8.6
Middle Rear End;2010405;LT800;8.5
Front Bottom;2010404;LT800;10.5
Middle Rear End;2010405;LT800;10.1
Front Bottom;2010404;LT800;8.12
Front Bottom;2010404;LT800;8.14
Front Bottom;2010404;LT800;8.11
Middle Rear End;2010405;LT800;10.13
Middle Rear End;2010405;LT800;8.13
Middle Rear End;2010405;LT800;10.12
Middle Rear End;2010405;LT800;812
Front Bottom;2010404;LT800;8.13
Middle Rear End;2010405;LT800;8.14
Front Bottom;2010404;LT800;10.6
Front Bottom;2010404;LT800;10.9
Middle Rear End;2010405;LT800;10.14
Middle Rear End;2010405;LT800;10.10
Middle Rear End;2010405;LT800;8.15
Middle Rear End;2010405;LT800;8.16
Middle Rear End;2010405;LT800;10.15
Middle Rear End;2010405;LT800;10.16
Front Bottom;2010404;LT800;10.12
Middle Rear End;2010405;LT800;10.9
Front Bottom;2010404;LT800;8.15
Front Bottom;2010404;LT800;10.15
Middle Rear End;2010405;LT800;8.11
Front Bottom;2010404;LT800;8.11
Front Bottom;2010404;LT800;10.10
Front Bottom;2010404;LT800;8.9
Front Bottom;2010404;LT800;8.7
Front Bottom;2010404;LT800;8.17
Front Bottom;2010404;LT800;8.18
Front Bottom;2010404;LT800;10.14
Middle Rear End;2010405;LT800;8.10
Middle Rear End;2010405;LT800;8.9
Front Bottom;2010404;LT1200;4.3
Front Bottom;2010404;LT1200;5.6
Front Bottom;2010404;LT1200;12.3
Front Bottom;2010404;LT1200;4.1
Front Bottom;2010404;LT1200;13.5
Front Bottom;2010404;LT1200;13.1
Front Bottom;2010404;LT1200;3.2
Front Bottom;2010404;LT1200;3.8
Front Bottom;2010404;LT1200;6.3
Front Bottom;2010404;LT1200;6.1
Front Bottom;2010404;LT1200;12.1
Front Bottom;2010404;LT1200;4.6
Front Bottom;2010404;LT1200;13.3
Front Bottom;2010404;LT1200;4.4
Front Bottom;2010404;LT1200;12.4
Front Bottom;2010404;LT1200;11.8
Front Bottom;2010404;LT1200;12.6
Front Bottom;2010404;LT1200;6.6
Front Bottom;2010404;LT1200;11.5
Front Bottom;2010404;LT1200;6.4
Front Bottom;2010404;LT1200;4.5
Front Bottom;2010404;LT1200;7.5
Front Bottom;2010404;LT1200;12.2
Front Bottom;2010404;LT1200;4.2
Front Bottom;2010404;LT1200;6.2
Front Bottom;2010404;LT1200;5.8
Front Bottom;2010404;LT1200;5.1
Front Bottom;2010404;LT1200;7.1
Front Bottom;2010404;LT1200;3.1
Front Bottom;2010404;LT1200;11.2
Front Bottom;2010404;LT1200;5.2
Front Bottom;2010404;LT1200;7.2
Front Bottom;2010404;LT1200;11.1
Front Bottom;2010404;LT1200;7.6
Front Bottom;2010404;LT1200;4.7
Front Bottom;2010404;LT1200;6.7
Front Bottom;2010404;LT1200;11.10
Front Bottom;2010404;LT1200;13.2
Front Bottom;2010404;LT1200;6.5
Front Bottom;2010404;LT1200;12.5
Front Bottom;2010404;LT1200;12.7
Front Bottom;2010404;LT1200;3.7
Front Bottom;2010404;LT1200;5.9
Front Bottom;2010404;LT1200;7.10
Front Bottom;2010404;LT1200;7.9
Front Bottom;2010404;LT1200;3.9
Front Bottom;2010404;LT1200;5.10
Front Bottom;2010404;LT1200;11.9
Front Bottom;2010404;LT1200;3.10
Front Bottom;2010404;LT1200;13.9
Front Bottom;2010404;LT1200;5.7
Front Bottom;2010404;LT1200;13.10
Front Bottom;2010404;LT1200;13.7
Front Bottom;2010404;LT1200;11.6
Front Bottom;2010404;LT1200;11.7
Front Bottom;2010404;LT1200;7.8
Front Bottom;2010404;LT1200;5.4
Front Bottom;2010404;LT1200;5.5
Front Bottom;2010404;LT1200;11.3
Front Bottom;2010404;LT1200;7.3
Front Bottom;2010404;LT1200;7.4
Front Bottom;2010404;LT1200;13.6
Front Bottom;2010404;LT1200;5.3
Front Bottom;2010404;LT1200;3.3
Front Bottom;2010404;LT1200;13.8
Front Bottom;2010404;LT1200;3.6
Front Bottom;2010404;LT1200;13.4
Front Bottom;2010404;LT1200;7.7
Front Bottom;2010404;LT1200;11.4
Front Bottom;2010404;LT1200;3.5
Front Bottom;2010404;LT1200;3.4
Roof Middle;2010397;Carbisio;1.10
Roof Middle;2010397;Carbisio;1.11
Roof Rear;2010403;Carbisio;1.8
Roof Middle;2010397;Carbisio;1.13
Roof Middle;2010397;Carbisio;1.12
Roof Middle;2010397;Carbisio;1.15
Roof Middle;2010397;Carbisio;1.14
Roof Middle;2010397;Carbisio;1.8
Roof Rear;2010403;Carbisio;1.7
Roof Middle;2010397;Carbisio;1.16
Roof Rear;2010403;Carbisio;1.43
Roof Rear;2010403;Carbisio;1.13
Roof Rear;2010403;Carbisio;1.12
Roof Rear;2010403;Carbisio;1.11
Roof Rear;2010403;Carbisio;1.9
Roof Rear;2010403;Carbisio;1.6
Roof Middle;2010397;Carbisio;1.6
Roof Middle;2010397;Carbisio;1.9
Roof Rear;2010403;Carbisio;1.10
Roof Middle;2010397;Carbisio;1.4
Roof Rear;2010403;Carbisio;1.2
Front Bottom;2010404;Carbisio;1.7
Roof Middle;2010397;Carbisio;1.7
Roof Rear;2010403;Carbisio;1.14
Roof Middle;2010397;Carbisio;1.5
Roof Rear;2010403;Carbisio;1.1
Roof Rear;2010403;Carbisio;1.3
Roof Rear;2010403;Carbisio;1.42
Roof Rear;2010403;Carbisio;1.0
Roof Rear;2010403;Carbisio;1.16
Front Bottom;2010404;Carbisio;1.33
Roof Rear;2010403;Carbisio;1.46
Front Bottom;2010404;Carbisio;1.6
Front Bottom;2010404;Carbisio;1.20
Roof Rear;2010403;Carbisio;1.34
Roof Rear;2010403;Carbisio;1.47
Roof Rear;2010403;Carbisio;1.45
Front Bottom;2010404;Carbisio;1.32
Roof Rear;2010403;Carbisio;1.4
Front Bottom;2010404;Carbisio;1.24
Roof Rear;2010403;Carbisio;1.41
Front Bottom;2010404;Carbisio;1.13
Front Bottom;2010404;Carbisio;1.28
Front Bottom;2010404;Carbisio;1.19
Roof Rear;2010403;Carbisio;1.5
Front Bottom;2010404;Carbisio;1.23
Front Bottom;2010404;Carbisio;1.17
Front Bottom;2010404;Carbisio;1.25
Front Bottom;2010404;Carbisio;1.21
Front Bottom;2010404;Carbisio;1.27
Roof Rear;2010403;Carbisio;1.15
Front Bottom;2010404;Carbisio;1.31
Front Bottom;2010404;Carbisio;1.11
Roof Rear;2010403;Carbisio;1.44
Front Bottom;2010404;Carbisio;1.29
Front Bottom;2010404;Carbisio;1.16
Front Bottom;2010404;Carbisio;1.22
Front Bottom;2010404;Carbisio;1.10
Front Bottom;2010404;Carbisio;1.14
Front Bottom;2010404;Carbisio;1.30
Front Bottom;2010404;Carbisio;1.15
Front Bottom;2010404;Carbisio;1.12
Front Bottom;2010404;Carbisio;1.18
Front Bottom;2010404;Carbisio;1.26
Front Bottom;2010404;Carbisio;1.34
Front Bottom;2010404;Carbisio;1.8
Front Bottom;2010404;LT600;2.16
Front Bottom;2010404;LT600;2.15
Front Bottom;2010404;LT600;2.7
Front Bottom;2010404;LT600;14.10
Front Bottom;2010404;LT600;2.8
Front Bottom;2010404;LT600;14.11
Front Bottom;2010404;LT600;14.16
Front Bottom;2010404;LT600;2.5
Front Bottom;2010404;LT600;2.11
Front Bottom;2010404;LT600;14.3
Front Bottom;2010404;LT600;2.3
Front Bottom;2010404;LT600;14.6
Front Bottom;2010404;LT600;2.3
Front Bottom;2010404;LT600;14.9
Front Bottom;2010404;LT600;14.18
Front Bottom;2010404;LT600;2.12
Front Bottom;2010404;LT600;14.14
Front Bottom;2010404;LT600;2.9
Front Bottom;2010404;LT600;14.7
Front Bottom;2010404;LT600;14.12
Front Bottom;2010404;LT600;2.14
Front Bottom;2010404;LT600;2.1
Front Bottom;2010404;LT600;14.8
Front Bottom;2010404;LT600;2.6
Front Bottom;2010404;LT600;2.4
Front Bottom;2010404;LT600;14.5
Front Bottom;2010404;LT600;14.1
Front Bottom;2010404;LT600;14.2
Front Bottom;2010404;LT600;14.17
Front Bottom;2010404;LT600;14.4
Front Bottom;2010404;LT600;2.10
Front Bottom;2010404;LT600;14.13
Front Bottom;2010404;LT600;2.17
Front Bottom;2010404;LT600;14.15
Front Bottom;2010404;LT600;2.18
Front Bottom;2010404;LT600;2.13
