Front Roof;2010400;LT800;9.1
Front Roof;2010400;LT800;11.14
Front Roof;2010400;LT800;9.12
Front Roof;2010400;LT800;11.11
Front Roof;2010400;LT800;11.5
Front Roof;2010400;LT800;11.2
Front Roof;2010400;LT800;11.20
Front Roof;2010400;LT800;11.13
Front Roof;2010400;LT800;9.7
Front Roof;2010400;LT800;9.3
Front Roof;2010400;LT800;9.4
Front Roof;2010400;LT800;11.1
Front Roof;2010400;LT800;11.12
Front Roof;2010400;LT800;11.18
Front Roof;2010400;LT800;9.15
Front Roof;2010400;LT800;11.7
Front Roof;2010400;LT800;9.14
Front Roof;2010400;LT800;9.20
Front Roof;2010400;LT800;9.6
Front Roof;2010400;LT800;9.22
Front Roof;2010400;LT800;11.4
Front Roof;2010400;LT800;9.13
Front Roof;2010400;LT800;11.6
Front Roof;2010400;LT800;11.16
Front Roof;2010400;LT800;11.3
Front Roof;2010400;LT800;9.17
Front Roof;2010400;LT800;9.19
Front Roof;2010400;LT800;9.5
Front Roof;2010400;LT800;9.2
Front Roof;2010400;LT800;9.21
Front Roof;2010400;LT800;11.19
Front Roof;2010400;LT800;11.21
Front Roof;2010400;LT800;9.23
Front Roof;2010400;LT800;11.15
Front Roof;2010400;LT800;11.17
Front Roof;2010400;LT800;9.18
Front Roof;2010400;LT800;9.16
Front Roof;2010400;LT800;11.9
Front Roof;2010400;LT800;9.8
Front Roof;2010400;LT800;9.11
Front Roof;2010400;LT800;9.9
Front Roof;2010400;LT800;11.10
Front Roof;2010400;LT800;9.10
Front Roof;2010400;LT1200;17.1
Front Roof;2010400;LT1200;15.8
Front Roof;2010400;LT1200;4.6
Front Roof;2010400;LT1200;8.3
Front Roof;2010400;LT1200;4.5
Front Roof;2010400;LT1200;15.11
Front Roof;2010400;LT1200;8.2
Front Roof;2010400;LT1200;3.5
Front Roof;2010400;LT1200;6.5
Front Roof;2010400;LT1200;5.1
Front Roof;2010400;LT1200;3.1
Front Roof;2010400;LT1200;5.4
Front Roof;2010400;LT1200;7.1
Front Roof;2010400;LT1200;4.16
Front Roof;2010400;LT1200;5.2
Front Roof;2010400;LT1200;14.1
Front Roof;2010400;LT1200;3.2
Front Roof;2010400;LT1200;7.3
Front Roof;2010400;LT1200;4.8
Front Roof;2010400;LT1200;14.5
Front Roof;2010400;LT1200;8.1
Front Roof;2010400;LT1200;5.5
Front Roof;2010400;LT1200;15.14
Front Roof;2010400;LT1200;3.3
Front Roof;2010400;LT1200;14.4
Front Roof;2010400;LT1200;3.4
Front Roof;2010400;LT1200;7.2
Front Roof;2010400;LT1200;5.3
Front Roof;2010400;LT1200;14.2
Front Roof;2010400;LT1200;16.3
Front Roof;2010400;LT1200;16.1
Front Roof;2010400;LT1200;14.3
Front Roof;2010400;LT1200;16.2
Front Roof;2010400;LT1200;6.16
Front Roof;2010400;LT1200;4.14
Front Roof;2010400;LT1200;15.13
Front Roof;2010400;LT1200;6.8
Front Roof;2010400;LT1200;6.14
Front Roof;2010400;LT1200;15.19
Front Roof;2010400;LT1200;4.9
Front Roof;2010400;LT1200;15.21
Front Roof;2010400;LT1200;17.3
Front Roof;2010400;LT1200;6.6
Front Roof;2010400;LT1200;17.2
Front Roof;2010400;LT1200;17.4
Front Roof;2010400;LT1200;6.13
Front Roof;2010400;LT1200;6.15
Front Roof;2010400;LT1200;6.2
Front Roof;2010400;LT1200;6.9
Front Roof;2010400;LT1200;15.18
Front Roof;2010400;LT1200;15.16
Front Roof;2010400;LT1200;6.11
Front Roof;2010400;LT1200;4.13
Front Roof;2010400;LT1200;4.11
Front Roof;2010400;LT1200;4.10
Front Roof;2010400;LT1200;4.17
Front Roof;2010400;LT1200;6.1
Front Roof;2010400;LT1200;4.15
Front Roof;2010400;LT1200;6.4
Front Roof;2010400;LT1200;15.20
Front Roof;2010400;LT1200;6.12
Front Roof;2010400;LT1200;15.22
Front Roof;2010400;LT1200;6.17
Front Roof;2010400;LT1200;4.7
Front Roof;2010400;LT1200;6.7
Front Roof;2010400;LT1200;15.17
Front Roof;2010400;LT1200;15.6
Front Roof;2010400;LT1200;4.1
Front Roof;2010400;LT1200;15.10
Front Roof;2010400;LT1200;4.4
Front Roof;2010400;LT1200;15.7
Front Roof;2010400;LT1200;15.9
Front Roof;2010400;LT1200;4.3
Front Roof;2010400;LT1200;4.2
Front Roof;2010400;LT1200;6.3
Front Roof;2010400;LT1200;4.21
Front Roof;2010400;LT1200;15.12
Front Roof;2010400;LT1200;15.15
Front Roof;2010400;LT1200;6.10
Front Roof;2010400;LT600;18.6
Front Roof;2010400;LT600;2.10
Front Roof;2010400;LT600;2.1
Front Roof;2010400;LT600;18.1
Front Roof;2010400;LT600;18.4
Front Roof;2010400;LT600;18.18
Front Roof;2010400;LT600;2.13
Front Roof;2010400;LT600;2.21
Front Roof;2010400;LT600;18.8
Front Roof;2010400;LT600;2.11
Front Roof;2010400;LT600;18.9
Front Roof;2010400;LT600;2.19
Front Roof;2010400;LT600;18.2
Front Roof;2010400;LT600;2.4
Front Roof;2010400;LT600;2.14
Front Roof;2010400;LT600;2.2
Front Roof;2010400;LT600;2.16
Front Roof;2010400;LT600;2.18
Front Roof;2010400;LT600;18.11
Front Roof;2010400;LT600;18.13
Front Roof;2010400;LT600;2.6
Front Roof;2010400;LT600;18.20
Front Roof;2010400;LT600;18.21
Front Roof;2010400;LT600;2.9
Front Roof;2010400;LT600;2.7
Front Roof;2010400;LT600;18.19
Front Roof;2010400;LT600;2.8
Front Roof;2010400;LT600;18.22
Front Roof;2010400;LT600;18.5
Front Roof;2010400;LT600;18.10
Front Roof;2010400;LT600;18.12
Front Roof;2010400;LT600;2.15
Front Roof;2010400;LT600;2.17
Front Roof;2010400;LT600;2.3
Front Roof;2010400;LT600;18.16
Front Roof;2010400;LT600;2.5
Front Roof;2010400;LT600;18.3
Front Roof;2010400;LT600;2.20
Front Roof;2010400;LT600;2.22
Front Roof;2010400;LT600;18.14
Front Roof;2010400;LT600;18.15
Front Roof;2010400;LT600;18.17
Front Roof;2010400;LT600;2.12
Front Roof;2010400;LT600;18.7
Front Roof;2010400;Carbisio;1.38
Front Roof;2010400;Carbisio;1.42
Front Roof;2010400;Carbisio;1.43
Front Roof;2010400;Carbisio;1.39
Front Roof;2010400;Carbisio;1.13
Front Roof;2010400;Carbisio;1.11
Front Roof;2010400;Carbisio;1.10
Front Roof;2010400;Carbisio;1.12
Front Roof;2010400;Carbisio;1.50
Front Roof;2010400;Carbisio;1.48
Front Roof;2010400;Carbisio;1.23
Front Roof;2010400;Carbisio;1.31
Front Roof;2010400;Carbisio;1.51
Front Roof;2010400;Carbisio;1.22
Front Roof;2010400;Carbisio;1.49
Front Roof;2010400;Carbisio;1.37
Front Roof;2010400;Carbisio;1.25
Front Roof;2010400;Carbisio;1.47
Front Roof;2010400;Carbisio;1.28
Front Roof;2010400;Carbisio;1.45
Front Roof;2010400;Carbisio;1.41
Front Roof;2010400;Carbisio;1.46
Front Roof;2010400;Carbisio;1.29
Front Roof;2010400;Carbisio;1.44
Front Roof;2010400;Carbisio;1.14
Front Roof;2010400;Carbisio;1.40
Front Roof;2010400;Carbisio;1.24
Front Roof;2010400;Carbisio;1.17
Front Roof;2010400;Carbisio;1.27
Front Roof;2010400;Carbisio;1.21
Front Roof;2010400;Carbisio;1.35
Front Roof;2010400;Carbisio;1.26
Front Roof;2010400;Carbisio;1.19
Front Roof;2010400;Carbisio;1.18
Front Roof;2010400;Carbisio;1.20
Front Roof;2010400;Carbisio;1.30
Front Roof;2010400;Carbisio;1.15
Front Roof;2010400;Carbisio;1.34
Front Roof;2010400;Carbisio;1.16
Front Roof;2010400;Carbisio;1.8
Front Roof;2010400;Carbisio;1.7
Front Roof;2010400;Carbisio;1.6
Front Roof;2010400;Carbisio;1.9
Front Roof;2010400;Carbisio;1.36
Front Roof;2010400;Carbisio;1.33
Front Roof;2010400;Carbisio;1.32
Roof Middle;2010397;QX1200;B1.4
Roof Middle;2010397;QX1200;B1.5
Roof Middle;2010397;QX1200;B2.3
Roof Middle;2010397;QX1200;B2.5
Roof Middle;2010397;QX1200;B1.2
Roof Middle;2010397;QX1200;B2.1
Roof Middle;2010397;QX1200;B2.4
Roof Middle;2010397;QX1200;B2.3
Roof Middle;2010397;QX1200;B2.4
Roof Middle;2010397;QX1200;B1.3
Roof Middle;2010397;QX1200;B1.2
Roof Middle;2010397;QX1200;B2.2
Roof Middle;2010397;QX1200;B1.3
Roof Middle;2010397;QX1200;B2.2
Roof Middle;2010397;QX1200;B1.4
Roof Middle;2010397;QX1200;B2.1
Roof Middle;2010397;QX1200;B1.1
Roof Middle;2010397;QX1200;15.8
Roof Middle;2010397;QX1200;14.2
Roof Middle;2010397;QX1200;14.7
Roof Middle;2010397;QX1200;14.8
Roof Middle;2010397;QX1200;14.4
Roof Middle;2010397;QX1200;14.9
Roof Middle;2010397;QX1200;14.3
Roof Middle;2010397;QX1200;14.1
Roof Middle;2010397;QX1200;8.2
Roof Middle;2010397;QX1200;B1.1
Roof Middle;2010397;QX1200;9.3
Roof Middle;2010397;QX1200;13.2
Roof Middle;2010397;QX1200;8.4
Roof Middle;2010397;QX1200;9.2
Middle Left;2010392;QX1200;13.8
Roof Middle;2010397;QX1200;13.1
Roof Middle;2010397;QX1200;9.1
Roof Middle;2010397;QX1200;8.7
Roof Middle;2010397;QX1200;13.3
Roof Middle;2010397;QX1200;15.1
Middle Left;2010392;QX1200;13.4
Roof Middle;2010397;QX1200;8.3
Roof Middle;2010397;QX1200;8.9
Middle Left;2010392;QX1200;13.1
Middle Left;2010392;QX1200;13.3
Middle Left;2010392;QX1200;13.5
Middle Left;2010392;QX1200;13.6
Roof Middle;2010397;QX1200;9.8
Roof Middle;2010397;QX1200;9.7
Roof Middle;2010397;QX1200;13.4
Roof Middle;2010397;QX1200;9.9
Roof Middle;2010397;QX1200;9.4
Roof Middle;2010397;QX1200;13.7
Middle Left;2010392;QX1200;13.10
Roof Middle;2010397;QX1200;8.6
Roof Middle;2010397;QX1200;15.4
Roof Middle;2010397;QX1200;15.7
Roof Middle;2010397;QX1200;13.9
Middle Left;2010392;QX1200;13.2
Front Roof;2010400;QX1200;13.1
Middle Left;2010392;QX1200;13.7
Front Roof;2010400;QX1200;12.1
Middle Left;2010392;QX1200;139
Roof Middle;2010397;QX1200;15.9
Roof Middle;2010397;QX1200;15.2
Roof Middle;2010397;QX1200;15.3
Roof Middle;2010397;QX1200;14.5
Roof Middle;2010397;QX1200;8.5
Roof Middle;2010397;QX1200;14.6
Roof Middle;2010397;QX1200;9.6
Roof Middle;2010397;QX1200;9.5
Roof Middle;2010397;QX1200;13.5
Roof Middle;2010397;QX1200;13.6
Roof Middle;2010397;QX1200;15.5
Roof Middle;2010397;QX1200;8.8
Roof Middle;2010397;QX1200;13.8
Roof Middle;2010397;QX1200;15.6
Roof Middle;2010397;QX1200;8.1