Roof Middle;2010397;QX1200;B1.4
Roof Middle;2010397;QX1200;B1.5
Roof Middle;2010397;QX1200;B2.3
Roof Middle;2010397;QX1200;B2.5
Roof Middle;2010397;QX1200;B1.2
Roof Middle;2010397;QX1200;B2.1
Roof Middle;2010397;QX1200;B2.4
Roof Middle;2010397;QX1200;B2.3
Roof Middle;2010397;QX1200;B2.4
Roof Middle;2010397;QX1200;B1.3
Roof Middle;2010397;QX1200;B1.2
Roof Middle;2010397;QX1200;B2.2
Roof Middle;2010397;QX1200;B1.3
Roof Middle;2010397;QX1200;B2.2
Roof Middle;2010397;QX1200;B1.4
Roof Middle;2010397;QX1200;B2.1
Roof Middle;2010397;QX1200;B1.1
Roof Middle;2010397;QX1200;15.8
Roof Middle;2010397;QX1200;14.2
Roof Middle;2010397;QX1200;14.7
Roof Middle;2010397;QX1200;14.8
Roof Middle;2010397;QX1200;14.4
Roof Middle;2010397;QX1200;14.9
Roof Middle;2010397;QX1200;14.3
Roof Middle;2010397;QX1200;14.1
Roof Middle;2010397;QX1200;8.2
Roof Middle;2010397;QX1200;B1.1
Roof Middle;2010397;QX1200;9.3
Roof Middle;2010397;QX1200;13.2
Roof Middle;2010397;QX1200;8.4
Roof Middle;2010397;QX1200;9.2
Middle Left;2010392;QX1200;13.8
Roof Middle;2010397;QX1200;13.1
Roof Middle;2010397;QX1200;9.1
Roof Middle;2010397;QX1200;8.7
Roof Middle;2010397;QX1200;13.3
Roof Middle;2010397;QX1200;15.1
Middle Left;2010392;QX1200;13.4
Roof Middle;2010397;QX1200;8.3
Roof Middle;2010397;QX1200;8.9
Middle Left;2010392;QX1200;13.1
Middle Left;2010392;QX1200;13.3
Middle Left;2010392;QX1200;13.5
Middle Left;2010392;QX1200;13.6
Roof Middle;2010397;QX1200;9.8
Roof Middle;2010397;QX1200;9.7
Roof Middle;2010397;QX1200;13.4
Roof Middle;2010397;QX1200;9.9
Roof Middle;2010397;QX1200;9.4
Roof Middle;2010397;QX1200;13.7
Middle Left;2010392;QX1200;13.10
Roof Middle;2010397;QX1200;8.6
Roof Middle;2010397;QX1200;15.4
Roof Middle;2010397;QX1200;15.7
Roof Middle;2010397;QX1200;13.9
Middle Left;2010392;QX1200;13.2
Front Roof;2010400;QX1200;13.1
Middle Left;2010392;QX1200;13.7
Front Roof;2010400;QX1200;12.1
Middle Left;2010392;QX1200;139
Roof Middle;2010397;QX1200;15.9
Roof Middle;2010397;QX1200;15.2
Roof Middle;2010397;QX1200;15.3
Roof Middle;2010397;QX1200;14.5
Roof Middle;2010397;QX1200;8.5
Roof Middle;2010397;QX1200;14.6
Roof Middle;2010397;QX1200;9.6
Roof Middle;2010397;QX1200;9.5
Roof Middle;2010397;QX1200;13.5
Roof Middle;2010397;QX1200;13.6
Roof Middle;2010397;QX1200;15.5
Roof Middle;2010397;QX1200;8.8
Roof Middle;2010397;QX1200;13.8
Roof Middle;2010397;QX1200;15.6
Roof Middle;2010397;QX1200;8.1
Middle Left;2010400;LT800;6.1
Middle Left;2010400;LT800;6.14
Middle Left;2010400;LT800;8.3
Middle Left;2010400;LT800;6.6
Middle Left;2010400;LT800;8.2
Middle Left;2010400;LT800;6.3
Middle Left;2010400;LT800;8.1
Middle Left;2010400;LT800;8.5
Middle Left;2010400;LT800;6.7
Middle Left;2010400;LT800;8.11
Middle Left;2010400;LT800;6.13
Middle Left;2010400;LT800;8.10
Middle Left;2010400;LT800;6.12
Middle Left;2010400;LT800;8.12
Middle Left;2010400;LT800;6.4
Middle Left;2010400;LT800;6.5
Middle Left;2010400;LT800;6.2
Middle Left;2010400;LT800;8.4
Middle Left;2010400;LT800;8.7
Middle Left;2010400;LT800;6.9
Middle Left;2010400;LT800;8.6
Middle Left;2010400;LT800;8.8
Middle Left;2010400;LT800;6.8
Middle Left;2010400;LT800;6.10
Middle Left;2010400;LT800;8.9
Middle Left;2010400;LT800;6.11
Middle Left;2010400;LT1200;9.8
Middle Left;2010400;LT1200;10.4
Middle Left;2010400;LT1200;5.4
Middle Left;2010400;LT1200;3.3
Middle Left;2010400;LT1200;5.3
Middle Left;2010400;LT1200;4.3
Middle Left;2010400;LT1200;4.6
Middle Left;2010400;LT1200;4.7
Middle Left;2010400;LT1200;10.3
Middle Left;2010400;LT1200;9.3
Middle Left;2010400;LT1200;9.11
Middle Left;2010400;LT1200;9.13
Middle Left;2010400;LT1200;10.1
Middle Left;2010400;LT1200;5.1
Middle Left;2010400;LT1200;3.1
Middle Left;2010400;LT1200;3.6
Middle Left;2010400;LT1200;9.6
Middle Left;2010400;LT1200;4.1
Middle Left;2010400;LT1200;9.1
Middle Left;2010400;LT1200;3.9
Middle Left;2010400;LT1200;3.10
Middle Left;2010400;LT1200;9.9
Middle Left;2010400;LT1200;4.10
Middle Left;2010400;LT1200;4.9
Middle Left;2010400;LT1200;3.11
Middle Left;2010400;LT1200;4.4
Middle Left;2010400;LT1200;3.4
Middle Left;2010400;LT1200;3.12
Middle Left;2010400;LT1200;9.12
Middle Left;2010400;LT1200;3.8
Middle Left;2010400;LT1200;4.8
Middle Left;2010400;LT1200;9.4
Middle Left;2010400;LT1200;10.5
Middle Left;2010400;LT1200;9.7
Middle Left;2010400;LT1200;9.10
Middle Left;2010400;LT1200;3.7
Middle Left;2010400;LT1200;3.13
Middle Left;2010400;LT1200;9.2
Middle Left;2010400;LT1200;10.2
Middle Left;2010400;LT1200;4.2
Middle Left;2010400;LT1200;3.5
Middle Left;2010400;LT1200;3.2
Middle Left;2010400;LT1200;9.5
Middle Left;2010400;LT1200;4.5
Middle Left;2010400;LT1200;5.2
Middle Left;2010400;LT600;2.15
Middle Left;2010400;LT600;11.3
Middle Left;2010400;LT600;2.3
Middle Left;2010400;LT600;2.17
Middle Left;2010400;LT600;11.1
Middle Left;2010400;LT600;11.15
Middle Left;2010400;LT600;2.8
Middle Left;2010400;LT600;2.7
Middle Left;2010400;LT600;11.4
Middle Left;2010400;LT600;2.6
Middle Left;2010400;LT600;11.5
Middle Left;2010400;LT600;2.4
Middle Left;2010400;LT600;2.1
Middle Left;2010400;LT600;11.17
Middle Left;2010400;LT600;2.2
Middle Left;2010400;LT600;2.9
Middle Left;2010400;LT600;2.5
Middle Left;2010400;LT600;11.16
Middle Left;2010400;LT600;2.10
Middle Left;2010400;LT600;11.10
Middle Left;2010400;LT600;11.7
Middle Left;2010400;LT600;11.9
Middle Left;2010400;LT600;11.6
Middle Left;2010400;LT600;11.2
Middle Left;2010400;LT600;11.8
Middle Left;2010400;LT600;2.16
Middle Left;2010400;LT600;11.11
Middle Left;2010400;LT600;11.13
Middle Left;2010400;LT600;2.14
Middle Left;2010400;LT600;11.14
Middle Left;2010400;LT600;11.12
Middle Left;2010400;LT600;2.11
Middle Left;2010400;LT600;2.13
Middle Left;2010400;LT600;2.12
Middle Left;2010400;Carbisio;1.15
Middle Left;2010400;Carbisio;1.14
Middle Left;2010400;Carbisio;1.14
Middle Left;2010400;Carbisio;1.10
Middle Left;2010400;Carbisio;1.15
Middle Left;2010400;Carbisio;1.13
Middle Left;2010400;Carbisio;1.10
Middle Left;2010400;Carbisio;1.13
Middle Left;2010400;Carbisio;1.12
Middle Left;2010400;Carbisio;1.12
Middle Left;2010400;Carbisio;1.11
Middle Left;2010400;Carbisio;1.11
Middle Left;2010400;Carbisio;1.3
Middle Left;2010400;Carbisio;1.1
Middle Left;2010400;Carbisio;1.4
Middle Left;2010400;Carbisio;1.4
Middle Left;2010400;Carbisio;1.7
Middle Left;2010400;Carbisio;1.7
Middle Left;2010400;Carbisio;1.3
Middle Left;2010400;Carbisio;1.8
Middle Left;2010400;Carbisio;1.2
Middle Left;2010400;Carbisio;1.2
Middle Left;2010400;Carbisio;1.8