Roof Rear;2010403;LT600;2.4
Roof Rear;2010403;LT600;2.20
Roof Rear;2010403;LT600;19.10
Roof Rear;2010403;LT600;2.19
Roof Rear;2010403;LT600;2.23
Roof Rear;2010403;LT600;19.18
Roof Rear;2010403;LT600;19.4
Roof Middle;2010397;LT600;2.6
Roof Middle;2010397;LT600;2.4
Roof Rear;2010403;LT600;2.1
Roof Middle;2010397;LT600;2.7
Roof Rear;2010403;LT600;19.16
Roof Middle;2010397;LT600;19.7
Roof Rear;2010403;LT600;19.15
Roof Middle;2010397;LT600;19.14
Roof Rear;2010403;LT600;19.6
Roof Middle;2010397;LT600;19.8
Roof Middle;2010397;LT600;19.13
Roof Middle;2010397;LT600;2.8
Roof Middle;2010397;LT600;2.10
Roof Middle;2010397;LT600;19.2
Roof Middle;2010397;LT600;2.9
Roof Rear;2010403;LT600;19.9
Roof Rear;2010403;LT600;2.14
Roof Rear;2010403;LT600;19.1
Roof Middle;2010397;LT600;19.4
Roof Middle;2010397;LT600;2.3
Roof Rear;2010403;LT600;19.2
Roof Rear;2010403;LT600;19.3
Roof Middle;2010397;LT600;2.1
Roof Rear;2010403;LT600;2.3
Roof Middle;2010397;LT600;2.11
Roof Rear;2010403;LT600;2.2
Roof Rear;2010403;LT600;2.10
Roof Rear;2010403;LT600;19.11
Roof Middle;2010397;LT600;19.12
Roof Rear;2010403;LT600;2.24
Roof Rear;2010403;LT600;2.9
Roof Rear;2010403;LT600;19.13
Roof Middle;2010397;LT600;2.2
Roof Rear;2010403;LT600;19.12
Roof Rear;2010403;LT600;2.13
Roof Rear;2010403;LT600;19.19
Roof Rear;2010403;LT600;2.17
Roof Rear;2010403;LT600;2.0
Roof Middle;2010397;LT600;19.1
Roof Middle;2010397;LT600;19.6
Roof Rear;2010403;LT600;19.7
Roof Rear;2010403;LT600;19.5
Roof Rear;2010403;LT600;2.5
Roof Rear;2010403;LT600;2.6
Roof Middle;2010397;LT600;19.5
Roof Rear;2010403;LT600;2.7
Roof Rear;2010403;LT600;19.23
Roof Rear;2010403;LT600;2.8
Roof Middle;2010397;LT600;2.5
Roof Rear;2010403;LT600;19.8
Roof Rear;2010403;LT600;19.22
Roof Rear;2010403;LT600;19.20
Roof Rear;2010403;LT600;2.21
Roof Rear;2010403;LT600;19.14
Roof Rear;2010403;LT600;19.21
Roof Rear;2010403;LT600;2.16
Roof Rear;2010403;LT600;2.16
Roof Rear;2010403;LT600;19.17
Roof Rear;2010403;LT600;2.11
Roof Rear;2010403;LT600;2.12
Roof Rear;2010403;LT600;2.18
Roof Rear;2010403;LT600;2.15
Roof Middle;2010397;LT1200;17.13
Roof Middle;2010397;LT1200;7.5
Roof Middle;2010397;LT1200;6.3
Roof Middle;2010397;LT1200;17.10
Roof Middle;2010397;LT1200;18.9
Roof Middle;2010397;LT1200;16.1
Roof Middle;2010397;LT1200;18.6
Roof Middle;2010397;LT1200;17.8
Roof Middle;2010397;LT1200;7.10
Roof Middle;2010397;LT1200;4.5
Roof Middle;2010397;LT1200;6.1
Roof Middle;2010397;LT1200;7.9
Roof Middle;2010397;LT1200;17.7
Roof Middle;2010397;LT1200;7.7
Roof Middle;2010397;LT1200;4.6
Roof Middle;2010397;LT1200;4.1
Roof Middle;2010397;LT1200;18.10
Roof Middle;2010397;LT1200;17.14
Roof Middle;2010397;LT1200;6.10
Roof Middle;2010397;LT1200;17.11
Roof Middle;2010397;LT1200;17.12
Roof Middle;2010397;LT1200;6.7
Roof Middle;2010397;LT1200;18.5
Roof Middle;2010397;LT1200;6.4
Roof Middle;2010397;LT1200;4.4
Roof Middle;2010397;LT1200;4.10
Roof Middle;2010397;LT1200;18.3
Roof Middle;2010397;LT1200;7.8
Roof Middle;2010397;LT1200;17.5
Roof Middle;2010397;LT1200;18.4
Roof Middle;2010397;LT1200;7.6
Roof Middle;2010397;LT1200;4.7
Roof Middle;2010397;LT1200;4.3
Roof Middle;2010397;LT1200;18.2
Roof Middle;2010397;LT1200;16.3
Roof Middle;2010397;LT1200;16.2
Roof Middle;2010397;LT1200;5.2
Roof Middle;2010397;LT1200;4.2
Roof Middle;2010397;LT1200;6.8
Roof Middle;2010397;LT1200;7.2
Roof Middle;2010397;LT1200;4.8
Roof Middle;2010397;LT1200;4.9
Roof Middle;2010397;LT1200;7.1
Roof Middle;2010397;LT1200;6.5
Roof Middle;2010397;LT1200;7.4
Roof Middle;2010397;LT1200;5.1
Roof Middle;2010397;LT1200;3.1
Roof Middle;2010397;LT1200;6.6
Roof Middle;2010397;LT1200;5.3
Roof Middle;2010397;LT1200;3.2
Roof Middle;2010397;LT1200;3.3
Roof Middle;2010397;LT1200;16.4
Roof Middle;2010397;LT1200;3.4
Roof Middle;2010397;LT1200;17.6
Roof Middle;2010397;LT1200;7.3
Roof Middle;2010397;LT1200;5.4
Roof Middle;2010397;LT1200;17.9
Roof Middle;2010397;LT1200;18.7
Roof Middle;2010397;LT1200;18.8
Roof Middle;2010397;LT1200;6.9
Roof Middle;2010397;LT1200;18.1
Roof Middle;2010397;LT1200;6.2
Roof Middle;2010397;LT800;10.6
Roof Middle;2010397;LT800;12.7
Roof Middle;2010397;LT800;10.7
Roof Rear;2010403;LT800;10.5
Roof Rear;2010403;LT800;12.8
Roof Rear;2010403;LT800;10.20
Roof Rear;2010403;LT800;10.19
Roof Rear;2010403;LT800;12.17
Roof Rear;2010403;LT800;10.12
Roof Rear;2010403;LT800;10.4
Roof Rear;2010403;LT800;12.21
Roof Rear;2010403;LT800;12.20
Roof Rear;2010403;LT800;12.1
Roof Rear;2010403;LT800;10.0
Roof Middle;2010397;LT800;12.6
Roof Middle;2010397;LT800;12.5
Roof Rear;2010403;LT800;12.13
Roof Rear;2010403;LT800;12.7
Roof Rear;2010403;LT800;12.6
Roof Rear;2010403;LT800;12.16
Roof Middle;2010397;LT800;10.5
Roof Middle;2010397;LT800;12.8
Roof Middle;2010397;LT800;12.9
Roof Rear;2010403;LT800;12.19
Roof Middle;2010397;LT800;12.2
Roof Middle;2010397;LT800;10.3
Roof Rear;2010403;LT800;12.0
Roof Middle;2010397;LT800;10.4
Roof Rear;2010403;LT800;12.12
Roof Rear;2010403;LT800;12.2
Roof Middle;2010397;LT800;12.1
Roof Rear;2010403;LT800;10.23
Roof Rear;2010403;LT800;10.11
Roof Rear;2010403;LT800;10.24
Roof Rear;2010403;LT800;10.1
Roof Middle;2010397;LT800;10.1
Roof Rear;2010403;LT800;10.3
Roof Rear;2010403;LT800;12.4
Roof Middle;2010397;LT800;10.2
Roof Rear;2010403;LT800;10.2
Roof Rear;2010403;LT800;10.10
Roof Rear;2010403;LT800;10.15
Roof Rear;2010403;LT800;12.9
Roof Rear;2010403;LT800;10.6
Roof Middle;2010397;LT800;12.3
Roof Rear;2010403;LT800;10.9
Roof Rear;2010403;LT800;12.5
Roof Rear;2010403;LT800;12.3
Roof Rear;2010403;LT800;10.8
Roof Middle;2010397;LT800;12.4
Roof Rear;2010403;LT800;10.14
Roof Rear;2010403;LT800;12.11
Roof Rear;2010403;LT800;10.18
Roof Rear;2010403;LT800;12.14
Roof Rear;2010403;LT800;10.13
Roof Rear;2010403;LT800;10.7
Roof Rear;2010403;LT800;12.10
Roof Rear;2010403;LT800;10.21
Roof Rear;2010403;LT800;10.17
Roof Rear;2010403;LT800;10.22
Roof Rear;2010403;LT800;10.16
Roof Rear;2010403;LT800;12.18
Roof Rear;2010403;LT800;12.15
Roof Middle;2010397;QX1200;B1.4
Roof Middle;2010397;QX1200;B1.5
Roof Middle;2010397;QX1200;B2.3
Roof Middle;2010397;QX1200;B2.5
Roof Middle;2010397;QX1200;B1.2
Roof Middle;2010397;QX1200;B2.1
Roof Middle;2010397;QX1200;B2.4
Roof Middle;2010397;QX1200;B2.3
Roof Middle;2010397;QX1200;B2.4
Roof Middle;2010397;QX1200;B1.3
Roof Middle;2010397;QX1200;B1.2
Roof Middle;2010397;QX1200;B2.2
Roof Middle;2010397;QX1200;B1.3
Roof Middle;2010397;QX1200;B2.2
Roof Middle;2010397;QX1200;B1.4
Roof Middle;2010397;QX1200;B2.1
Roof Middle;2010397;QX1200;B1.1
Roof Middle;2010397;QX1200;15.8
Roof Middle;2010397;QX1200;14.2
Roof Middle;2010397;QX1200;14.7
Roof Middle;2010397;QX1200;14.8
Roof Middle;2010397;QX1200;14.4
Roof Middle;2010397;QX1200;14.9
Roof Middle;2010397;QX1200;14.3
Roof Middle;2010397;QX1200;14.1
Roof Middle;2010397;QX1200;8.2
Roof Middle;2010397;QX1200;B1.1
Roof Middle;2010397;QX1200;9.3
Roof Middle;2010397;QX1200;13.2
Roof Middle;2010397;QX1200;8.4
Roof Middle;2010397;QX1200;9.2
Middle Left;2010392;QX1200;13.8
Roof Middle;2010397;QX1200;13.1
Roof Middle;2010397;QX1200;9.1
Roof Middle;2010397;QX1200;8.7
Roof Middle;2010397;QX1200;13.3
Roof Middle;2010397;QX1200;15.1
Middle Left;2010392;QX1200;13.4
Roof Middle;2010397;QX1200;8.3
Roof Middle;2010397;QX1200;8.9
Middle Left;2010392;QX1200;13.1
Middle Left;2010392;QX1200;13.3
Middle Left;2010392;QX1200;13.5
Middle Left;2010392;QX1200;13.6
Roof Middle;2010397;QX1200;9.8
Roof Middle;2010397;QX1200;9.7
Roof Middle;2010397;QX1200;13.4
Roof Middle;2010397;QX1200;9.9
Roof Middle;2010397;QX1200;9.4
Roof Middle;2010397;QX1200;13.7
Middle Left;2010392;QX1200;13.10
Roof Middle;2010397;QX1200;8.6
Roof Middle;2010397;QX1200;15.4
Roof Middle;2010397;QX1200;15.7
Roof Middle;2010397;QX1200;13.9
Middle Left;2010392;QX1200;13.2
Front Roof;2010400;QX1200;13.1
Middle Left;2010392;QX1200;13.7
Front Roof;2010400;QX1200;12.1
Middle Left;2010392;QX1200;139
Roof Middle;2010397;QX1200;15.9
Roof Middle;2010397;QX1200;15.2
Roof Middle;2010397;QX1200;15.3
Roof Middle;2010397;QX1200;14.5
Roof Middle;2010397;QX1200;8.5
Roof Middle;2010397;QX1200;14.6
Roof Middle;2010397;QX1200;9.6
Roof Middle;2010397;QX1200;9.5
Roof Middle;2010397;QX1200;13.5
Roof Middle;2010397;QX1200;13.6
Roof Middle;2010397;QX1200;15.5
Roof Middle;2010397;QX1200;8.8
Roof Middle;2010397;QX1200;13.8
Roof Middle;2010397;QX1200;15.6
Roof Middle;2010397;QX1200;8.1
Roof Middle;2010397;Carbisio;1.10
Roof Middle;2010397;Carbisio;1.11
Roof Rear;2010403;Carbisio;1.8
Roof Middle;2010397;Carbisio;1.13
Roof Middle;2010397;Carbisio;1.12
Roof Middle;2010397;Carbisio;1.15
Roof Middle;2010397;Carbisio;1.14
Roof Middle;2010397;Carbisio;1.8
Roof Rear;2010403;Carbisio;1.7
Roof Middle;2010397;Carbisio;1.16
Roof Rear;2010403;Carbisio;1.43
Roof Rear;2010403;Carbisio;1.13
Roof Rear;2010403;Carbisio;1.12
Roof Rear;2010403;Carbisio;1.11
Roof Rear;2010403;Carbisio;1.9
Roof Rear;2010403;Carbisio;1.6
Roof Middle;2010397;Carbisio;1.6
Roof Middle;2010397;Carbisio;1.9
Roof Rear;2010403;Carbisio;1.10
Roof Middle;2010397;Carbisio;1.4
Roof Rear;2010403;Carbisio;1.2
Front Bottom;2010404;Carbisio;1.7
Roof Middle;2010397;Carbisio;1.7
Roof Rear;2010403;Carbisio;1.14
Roof Middle;2010397;Carbisio;1.5
Roof Rear;2010403;Carbisio;1.1
Roof Rear;2010403;Carbisio;1.3
Roof Rear;2010403;Carbisio;1.42
Roof Rear;2010403;Carbisio;1.0
Roof Rear;2010403;Carbisio;1.16
Front Bottom;2010404;Carbisio;1.33
Roof Rear;2010403;Carbisio;1.46
Front Bottom;2010404;Carbisio;1.6
Front Bottom;2010404;Carbisio;1.20
Roof Rear;2010403;Carbisio;1.34
Roof Rear;2010403;Carbisio;1.47
Roof Rear;2010403;Carbisio;1.45
Front Bottom;2010404;Carbisio;1.32
Roof Rear;2010403;Carbisio;1.4
Front Bottom;2010404;Carbisio;1.24
Roof Rear;2010403;Carbisio;1.41
Front Bottom;2010404;Carbisio;1.13
Front Bottom;2010404;Carbisio;1.28
Front Bottom;2010404;Carbisio;1.19
Roof Rear;2010403;Carbisio;1.5
Front Bottom;2010404;Carbisio;1.23
Front Bottom;2010404;Carbisio;1.17
Front Bottom;2010404;Carbisio;1.25
Front Bottom;2010404;Carbisio;1.21
Front Bottom;2010404;Carbisio;1.27
Roof Rear;2010403;Carbisio;1.15
Front Bottom;2010404;Carbisio;1.31
Front Bottom;2010404;Carbisio;1.11
Roof Rear;2010403;Carbisio;1.44
Front Bottom;2010404;Carbisio;1.29
Front Bottom;2010404;Carbisio;1.16
Front Bottom;2010404;Carbisio;1.22
Front Bottom;2010404;Carbisio;1.10
Front Bottom;2010404;Carbisio;1.14
Front Bottom;2010404;Carbisio;1.30
Front Bottom;2010404;Carbisio;1.15
Front Bottom;2010404;Carbisio;1.12
Front Bottom;2010404;Carbisio;1.18
Front Bottom;2010404;Carbisio;1.26
Front Bottom;2010404;Carbisio;1.34
Front Bottom;2010404;Carbisio;1.8
